model,Recall@5,NDCG@5,MRR@5,Recall@10,NDCG@10,MRR@10,Recall@50,NDCG@50,MRR@50,ColdRate@10,Coverage@10,PopularityBias,Fairness,Novelty,Diversity,CalibrationBias
MF,0.004536478128027424,0.0034723568879164667,0.003834115805946792,0.008977010209404576,0.005102690270738207,0.005139168343393695,0.034627207690587976,0.011412706289524318,0.007043576920181493,0.09941314553990609,0.052914798206278015,0.4790400296515937,0.8008076860968295,6.641083937196514,0.0,0.0
BPR,0.007811513329489608,0.005710232129388496,0.007316118935837246,0.01837489361117975,0.008951208343061942,0.008973749906848497,0.059551454126139075,0.018822465474322658,0.01185099704496899,0.0,0.05381165919282512,0.7675932789720783,0.9242707788147279,5.8817103627164435,0.0,0.0
VAECF,0.002347417840375587,0.001926545984058078,0.002777777777777778,0.007857329160146061,0.0038706363589161965,0.003960801848125791,0.04292615965151176,0.01239593873785983,0.00626859585652267,0.12030516431924883,0.11031390134529147,0.4698974549048678,0.8133668012521074,6.716605949179762,0.0,0.0
CTR_meta_only,0.03263270478800501,0.02762927150198135,0.03204225352112676,0.04651647034430578,0.03166197432752975,0.034615097995379686,0.12232273893226452,0.04986321215894957,0.039339352522903284,0.6821596244131456,0.9955156950672648,0.23975166790214972,0.7654905293854003,7.919565242533336,0.0,0.0
CDL_meta_only,0.0051838810641627545,0.005136177580992071,0.00655320813771518,0.013693270735524258,0.00794784909227586,0.007850808555033907,0.05182216593910441,0.017190375765331965,0.010273429621133263,0.661150234741784,1.0,0.2551519644180875,0.6970399690361848,7.791299831684111,0.0,0.0
HFT_meta_only,0.001291079812206573,0.0009916854674952877,0.0011737089201877935,0.005627282211789254,0.0026436602216270227,0.002415884194053208,0.03042840375586854,0.008860013362963711,0.004325649362319441,0.7458920187793427,0.15067264573991035,0.27703854707190506,0.8325437513302664,7.412619677904883,0.0,0.0
ConvMF_meta_only,0.00019561815336463222,0.00039807535830236636,0.0011737089201877935,0.0013693270735524255,0.0008575343171776294,0.0016171100678142932,0.006771476814100979,0.002392433373690531,0.002232384426240615,0.9083333333333333,0.504035874439462,0.10754262416604891,0.7931342139604683,9.203097101759539,0.0,0.0
CTR_all_reviews_text,0.030406513152992025,0.024725908759950194,0.028834115805946792,0.04666149252416858,0.02974089547459703,0.03194351292942842,0.1208286245026423,0.04774803510167657,0.036754526532306764,0.45598591549295775,0.9856502242152468,0.3319001729676303,0.7576292751254103,7.302502138246106,0.0,0.0
CDL_all_reviews_text,0.0051838810641627545,0.005163773534975757,0.006651017214397496,0.012226134585289516,0.0074710457806557015,0.007656587674193308,0.05087202062276191,0.016882177800306597,0.01023596777376579,0.6620892018779343,1.0,0.2549110452186805,0.6957522358951883,7.793815332991513,0.0,0.0
HFT_all_reviews_text,0.006867594455622625,0.0050688233285324045,0.005516431924882629,0.011171193829644533,0.006514747821468882,0.006270959087860497,0.033428390206559216,0.011778003003142195,0.007687468122633321,0.7307511737089201,0.5085201793721972,0.22339387200395355,0.7419215722049142,7.88156268358896,0.0,0.0
ConvMF_all_reviews_text,0.0,0.0,0.0,0.0,0.0,0.0,0.005528412366811181,0.0015321177727420207,0.000652343519339933,0.9901408450704225,0.23587443946188338,0.05772176921176179,0.9658328949212848,9.682304452867264,0.0,0.0
CTR_meta_human,0.03679670616290335,0.029553570777720015,0.03513302034428795,0.04376960415692809,0.03131045432488177,0.036481854087487886,0.12547523088201368,0.051135628055796176,0.04143873050711499,0.45457746478873234,0.9883408071748879,0.33101680256980476,0.7517155443851861,7.316686398391702,0.0,0.0
CDL_meta_human,0.006357589984350548,0.00559023017164294,0.006787949921752738,0.01134585289514867,0.007284011105494744,0.007593244653103809,0.048681097305078025,0.01648734149602117,0.010129776295528914,0.6607981220657277,1.0,0.2555040770941438,0.6966083643735907,7.789266086611809,0.0,0.0
HFT_meta_human,0.0036254564423578513,0.002571966354180937,0.0033841940532081376,0.007627244951188614,0.003919322856603429,0.004319435129294284,0.028313398911990462,0.009090544898338493,0.0058778169753569125,0.30269953051643184,0.05919282511210763,0.404058561897702,0.8151652904591292,6.873002194162052,0.0,0.0
ConvMF_meta_human,0.0021517996870109544,0.0015959155708813063,0.002543035993740219,0.007237871674491393,0.0034115484834231894,0.0037144161263879573,0.044859728546718915,0.012344163653323855,0.006081239202346584,0.6620892018779343,0.5946188340807176,0.26391771682727944,0.7672258344130979,7.604697308677383,0.0,0.0
CTR_s_synth_dense,0.03339997899857055,0.026949273439036598,0.030477308294209703,0.04723395084310577,0.03127687073985053,0.033221085773902675,0.10702696152103121,0.0457687564532618,0.03685980474769032,0.6288732394366197,0.9991031390134529,0.2638435878428465,0.7140009677732304,7.73087129585003,0.0,0.0
CDL_s_synth_dense,0.006357589984350548,0.00559023017164294,0.006787949921752738,0.012226134585289516,0.007464479927725528,0.0075848610179596095,0.051713178682229834,0.017111720711805643,0.010232943182642113,0.6656103286384976,1.0,0.2544724487274524,0.6966089452644272,7.79454677023164,0.0,0.0
HFT_s_synth_dense,0.0023306505700871898,0.002019137606013718,0.004049295774647887,0.0064386317907444675,0.003139999461846574,0.004582122363812505,0.03144112548764143,0.008934026657453917,0.006143102419914858,0.7792253521126762,0.5802690582959641,0.23987521620953794,0.7530038223466935,7.766046386375244,0.0,0.0
ConvMF_s_synth_dense,0.0010367762128325507,0.0012446410933719216,0.002836463223787167,0.002347417840375587,0.0017493055291718017,0.0034768797973023322,0.03555038141305747,0.009605049336542206,0.005582276552114592,0.6416666666666666,0.5614349775784753,0.2802631578947368,0.7992683782759891,7.447273126397033,0.0,0.0
CTR_s_synth_aspect,0.03091405958344431,0.02597998056196629,0.02981220657276995,0.04340753897833217,0.029724736165949037,0.03242277740517177,0.12692611454657415,0.049593312394251486,0.03749689834272453,0.6933098591549295,0.9937219730941708,0.23146157647640228,0.8084081246096981,7.994218699670589,0.0,0.0
CDL_s_synth_aspect,0.006525262687234518,0.005726781586175779,0.006729264475743348,0.013860943438408229,0.008068811015453,0.0077902600789924725,0.049631242621420525,0.01685033183209932,0.010214224289176796,0.6630281690140845,1.0,0.25481220657276993,0.6965156342095116,7.793576293115726,0.0,0.0
HFT_s_synth_aspect,0.0020260451598479766,0.001439371218686364,0.0017018779342723004,0.003721402489008122,0.0020987485295266054,0.0023082942097026604,0.028934547832805798,0.008435579753530582,0.0040379886193681646,0.8070422535211269,0.1363228699551569,0.2614035087719298,0.8341524481797061,7.496584285940401,0.0,0.0
ConvMF_s_synth_aspect,0.0015761234071093228,0.0010659661747963684,0.0011150234741784037,0.0016378975608034169,0.0011287946636420998,0.001310641627543036,0.010901814395142786,0.0032383227785489836,0.0018888078932614658,0.931924882629108,0.3031390134529147,0.10377440079070917,0.7493414125416844,9.21211968507662,0.0,0.0
CTR_m_synth_dense,0.029767070436084522,0.026151700810728856,0.03034037558685446,0.04248021577988219,0.03013562338724542,0.033147961845144944,0.11365528587081589,0.0473442155126011,0.03749143144294134,0.6289906103286386,1.0,0.26189152458611314,0.7147777299202607,7.740468802010831,0.0,0.0
CDL_m_synth_dense,0.006525262687234518,0.005744226741493108,0.006787949921752738,0.012393807288173487,0.0075474108306576426,0.007557381324986958,0.05223016951612207,0.017209151422999943,0.010243539715391992,0.6625586854460094,1.0,0.2549172226340499,0.6973405392235736,7.791773234642692,0.0,0.0
HFT_m_synth_dense,0.0029147104851330197,0.0021222180770330405,0.003423317683881064,0.006240219092331768,0.0032279626337805714,0.00396918548326999,0.027176992934035187,0.008109852451205844,0.005342483264849293,0.6803990610328637,0.5112107623318387,0.2822769953051643,0.7579705422686489,7.494769103393065,0.0,0.0
ConvMF_m_synth_dense,0.0021517996870109544,0.0014864525489338737,0.002288732394366197,0.004121022430881586,0.002264286760812669,0.0029147104851330206,0.013716387016053436,0.004738950959117436,0.003626288242872945,0.8044600938967137,0.5426008968609866,0.1582592043489004,0.6658267852101345,8.682399400757136,0.0,0.0
CTR_m_synth_aspect,0.03204864487295918,0.027331025248061143,0.032511737089201874,0.045596599265984,0.03141163065270361,0.03488104553245398,0.11307642951453181,0.04767306483035212,0.0389191656224462,0.6288732394366197,0.9991031390134529,0.2625957499382258,0.705973327653623,7.742972435194306,0.0,0.0
CDL_m_synth_aspect,0.006357589984350548,0.00559023017164294,0.006787949921752738,0.01134585289514867,0.0072880411236002085,0.007597902228183918,0.04965918807190119,0.016769629914504744,0.010200549770091303,0.6642018779342724,1.0,0.25462070669631826,0.6973160809707766,7.792689412627566,0.0,0.0
HFT_m_synth_aspect,0.002171361502347418,0.0016876175375738125,0.0022496087636932707,0.003971048513302035,0.0022944583403854955,0.0026571465832029213,0.03115807417605046,0.008713106413211059,0.00436434555324617,0.8082159624413147,0.14439461883408078,0.2622436372621695,0.8338663820157395,7.492562693103182,0.0,0.0
ConvMF_m_synth_aspect,0.0018223375339757844,0.0011585791877285713,0.0012715179968701095,0.00207384658830174,0.0012774775641522804,0.0015565615917728594,0.03556024254689933,0.009299944287726639,0.003974430182079391,0.7156103286384977,0.5704035874439464,0.247374598468001,0.7439353086696262,7.783177139259737,0.0,0.0
CTR_l_synth_dense,0.03202599434993801,0.026663046847367766,0.031161971830985916,0.044952922389912754,0.030950410856179052,0.034053394440718386,0.10563079210688552,0.04594925940517556,0.037831007450828326,0.6322769953051643,1.0,0.26219421793921416,0.7171961740857477,7.744287744476782,0.0,0.0
CDL_l_synth_dense,0.006357589984350548,0.00559023017164294,0.006787949921752738,0.01134585289514867,0.007299218665045167,0.007614203740964305,0.050078369829111125,0.016776892912846734,0.010177958187761668,0.6604460093896715,1.0,0.2555596738324685,0.6968944747886965,7.787379029716212,0.0,0.0
HFT_l_synth_dense,0.003051643192488263,0.0018710569000574078,0.0022300469483568074,0.004725575676279901,0.002609494405324449,0.0031275616662940603,0.029174584544302856,0.008629740796929141,0.004911591496815308,0.7814553990610328,0.2699551569506725,0.2708302446256486,0.8302263628668678,7.450506840547917,0.0,0.0
ConvMF_l_synth_dense,0.0029342723004694834,0.00150451958143027,0.0011150234741784037,0.007796780684104627,0.0033669150188744695,0.0024512817646620464,0.040313469511023256,0.011111033107652827,0.0046280609384645,0.6204225352112677,0.5587443946188342,0.26788361749444034,0.7165543685748843,7.6850633204920955,0.0,0.0
CTR_l_synth_aspect,0.030735208700368076,0.025522348184950715,0.028638497652582157,0.046250988564739484,0.030273176779490218,0.031821950219837546,0.12168935106296115,0.048252674172980056,0.036407746765763284,0.6977699530516432,0.9955156950672648,0.23102915740054358,0.8077486705683385,7.998013997093784,0.0,0.0
CDL_l_synth_aspect,0.006525262687234518,0.005744226741493108,0.006787949921752738,0.012519561815336465,0.00763286078207422,0.007744615843207392,0.04965918807190119,0.016752419252684274,0.010222656576804845,0.6631455399061033,1.0,0.2548369162342476,0.6980912039118633,7.790103204358969,0.0,0.0
HFT_l_synth_aspect,0.0,0.0,0.0,0.002258500497937118,0.0008360110258710143,0.0005994299128101945,0.022136393587468457,0.005605421734100454,0.0019169936350817026,0.8474178403755869,0.3811659192825111,0.24566345441067455,0.8591651239085484,7.59550470686139,0.0,0.0
ConvMF_l_synth_aspect,0.00013041210224308815,0.00019903767915118318,0.00039123630672926443,0.00013041210224308815,0.00013793752899911112,0.00039123630672926443,0.0017015347445295554,0.0007140806852643312,0.000746157505047005,0.971244131455399,0.27892376681614356,0.06975537435137136,0.906737330575061,9.557294950995242,0.0,0.0
